<?xml version="1.0" encoding="utf-8"?>
<example id="Basic_Filtering" usedb="true">
	<title>Basic Filtering</title>
	<metakeywords>php grid, php ajax grid, php datagrid, php gridview, ajax grid php</metakeywords>	 
	<metadescription>KoolGrid support data filtering feature. To enable this feature, you simply set AllowFiltering property to true.</metadescription>
	<description>
		<![CDATA[ 
<p>
KoolGrid support data filtering feature. To enable this feature, you simply set <b>AllowFiltering</b> property to <b>true</b>. You can set this property in KoolGrid's instance, GridTableView's instance or in Column's instance.
</p>
<p>
- If you set the property in KoolGrid's instance, all columns in grid will enable filtering feature.
</p>
<p>
- If you set the property in GridTableView's instance, only columns in that table will enable filtering feature.
</p>
<p>
- If you set the property in Column's instance, only that column will enable filtering feature.
</p>


		]]>		
	</description>
	
	<samplecodes>
		<code header="Example.php">
			<![CDATA[
<?php
	require $KoolControlsFolder."/KoolAjax/koolajax.php";
	$koolajax->scriptFolder = $KoolControlsFolder."/KoolAjax";

	require $KoolControlsFolder."/KoolGrid/koolgrid.php";
	require $KoolControlsFolder."/KoolGrid/ext/datasources/MySQLiDataSource.php";
	$ds = new MySQLiDataSource($db_con);//This $db_con link has been created inside KoolPHPSuite/Resources/runexample.php
	$ds->SelectCommand = "select customerNumber,customerName,phone,city from customers";

	$grid = new KoolGrid("grid");
	$grid->scriptFolder = $KoolControlsFolder."/KoolGrid";
	$grid->styleFolder="default";
	$grid->DataSource = $ds;
	$grid->Width = "655px";

	$grid->RowAlternative = true;

	$grid->AjaxEnabled = true;
	$grid->AjaxLoadingImage =  $KoolControlsFolder."/KoolAjax/loading/5.gif";
	$grid->AutoGenerateColumns = true;
	
	$grid->AllowFiltering = true;//Enable filtering for all rows;
		
	$grid->MasterTable->Pager = new GridPrevNextAndNumericPager();
	
	$grid->Process();
?>

<form id="form1" method="post">
	<?php echo $koolajax->Render();?>
	<?php echo $grid->Render();?>
</form>
			]]>			
		</code>			
	</samplecodes>
	<docs>
		<doc link="http://doc.koolphp.net/Controls/KoolGrid/PHP/KoolGrid/index.php#AllowFiltering">KoolGrid::AllowFiltering</doc>
		<doc link="http://doc.koolphp.net/Controls/KoolGrid/PHP/GridTableView/index.php#AllowFiltering">GridTableView::AllowFiltering</doc>
		<doc link="http://doc.koolphp.net/Controls/KoolGrid/PHP/GridColumn/index.php#AllowFiltering">GridColumn::AllowFiltering</doc>
	</docs>
</example>
