<?xml version="1.0" encoding="utf-8"?>
<example id="InputFocus" usedb="true">
	<title>Input Focus</title>
	<metakeywords>php grid, php ajax grid, php datagrid, php gridview, ajax grid php</metakeywords>	 
	<metadescription>KoolGrid support inline row editing.</metadescription>
	<description>
		<![CDATA[ 
<p>
To help user focus on editing/inserting, KoolGrid allows itself to hide/blur and only show the editing/inserting form.
</p>
<b>$grid->MasterTable->EditSettings->InputFocus = "HideGrid";</b> <i>Hide grid and show only input form</i>
<br/><br/>
<b>$grid->MasterTable->EditSettings->InputFocus = "BlurGrid";</b> <i>Blur the grid and show input form</i>
		]]>		
	</description>
	
	<samplecodes>
		<code header="Example.php">
			<![CDATA[
<?php
	require $KoolControlsFolder."/KoolAjax/koolajax.php";
	$koolajax->scriptFolder = $KoolControlsFolder."/KoolAjax";

	require $KoolControlsFolder."/KoolGrid/koolgrid.php";
	require $KoolControlsFolder."/KoolGrid/ext/datasources/MySQLiDataSource.php";
	require $KoolControlsFolder."/KoolCalendar/koolcalendar.php";
		
	$ds = new MySQLiDataSource($db_con);//This $db_con link has been created inside KoolPHPSuite/Resources/runexample.php
	$ds->SelectCommand = "select orderNumber,orderDate,status,comments from orders";
	$ds->UpdateCommand = "update orders set orderDate='@orderDate', status='@status', comments='@comments' where orderNumber=@orderNumber";

	$grid = new KoolGrid("grid");
	$grid->scriptFolder = $KoolControlsFolder."/KoolGrid";
	$grid->styleFolder="sunset";

	$grid->AjaxEnabled = true;
	$grid->DataSource = $ds;
	$grid->MasterTable->Pager = new GridPrevNextAndNumericPager();
	$grid->MasterTable->Pager->PageSize = 5;
	$grid->Width = "655px";
	$grid->ColumnWrap = true;
	$grid->AllowEditing = true;

	$column = new GridBoundColumn();
	$column->DataField = "orderNumber";
	$column->ReadOnly = true;
	$grid->MasterTable->AddColumn($column);

	$column = new GridDateTimeColumn();
	$column->DataField = "orderDate";
	$column->HeaderText = "Date";
	$column->FormatString = "M d, Y";
	//Assign datepicker for GridDateTimeColumn, this is optional.
	$column->Picker = new KoolDatePicker();
	$column->Picker->scriptFolder = $KoolControlsFolder."/KoolCalendar";
	$column->Picker->styleFolder = "sunset";	
	$column->Picker->DateFormat = "M d, Y";
	
	
	$grid->MasterTable->AddColumn($column);

	$column = new GridDropDownColumn();
	$column->DataField = "status";
	$column->HeaderText = "Status";
	$column->AddItem("In Process");
	$column->AddItem("On Hold");
	$column->AddItem("Disputed");
	$column->AddItem("Cancelled");	
	$column->AddItem("Resolved");	
	$column->AddItem("Shipped");
	$grid->MasterTable->AddColumn($column);

	$column = new GridTextAreaColumn();
	$column->DataField = "comments";
	$column->HeaderText = "Comments";
	$column->Width = "200px";
	$grid->MasterTable->AddColumn($column);

	$column = new GridEditDeleteColumn();
	$column->ShowDeleteButton = false;
	$column->Align = "center";
	$grid->MasterTable->AddColumn($column);
	
	//Set edit mode to "form"
	$grid->MasterTable->EditSettings->Mode = "form";
	$grid->MasterTable->EditSettings->InputFocus = "HideGrid";//You can test the "BlurGrid"
	
	
	$grid->Process();
?>

<form id="form1" method="post">
	<?php echo $koolajax->Render();?>
	<?php echo $grid->Render();?>
</form>

			]]>			
		</code>			
	</samplecodes>
	<docs>
		<doc link="http://doc.koolphp.net/Controls/KoolGrid/PHP/EditSettings/index.php#InputFocus">EditSettings::InputFocus</doc>
	</docs>
</example>
