<?xml version="1.0" encoding="utf-8"?>
<example id="ClientEvents" usedb="true">
	<title>Client Events</title>
	<metakeywords>php grid, php ajax grid, php datagrid, php gridview, ajax grid php</metakeywords>	 
	<metadescription>KoolGrid support rich client-side event.</metadescription>
	<description>
		<![CDATA[ 
KoolGrid support rich client-side event. There are 2 types of events: "OnBefore..." and "On...". The "OnBefore..." will occur before event is executed and you can return false on handle function to cancel the event. The "On..." will occur after the event is executed.
		]]>		
	</description>
	
	<samplecodes>
		<code header="Example.php">
			<![CDATA[
<?php
	require $KoolControlsFolder."/KoolAjax/koolajax.php";
	$koolajax->scriptFolder = $KoolControlsFolder."/KoolAjax";

	require $KoolControlsFolder."/KoolGrid/koolgrid.php";
	require $KoolControlsFolder."/KoolGrid/ext/datasources/MySQLiDataSource.php";
	$ds_customer = new MySQLiDataSource($db_con);//This $db_con link has been created inside KoolPHPSuite/Resources/runexample.php
	$ds_customer->SelectCommand = "select customerNumber,customerName,phone,city from customers";

	$ds_order = new MySQLiDataSource($db_con);//This $db_con link has been created inside KoolPHPSuite/Resources/runexample.php
	$ds_order->SelectCommand = "select orderNumber,orderDate,status,customerNumber from orders";


	$grid = new KoolGrid("grid");
	$grid->scriptFolder = $KoolControlsFolder."/KoolGrid";
	$grid->styleFolder="default";
	$grid->Width = "655px";
	$grid->RowAlternative = true;

	$grid->AjaxEnabled = true;

	$grid->MasterTable->AllowHovering = true;
	$grid->MasterTable->AllowSelecting = true;
		
	$grid->MasterTable->AutoGenerateColumns = true;
	$grid->MasterTable->AutoGenerateExpandColumn = true;
		
	$grid->MasterTable->DataSource = $ds_customer;		
	$grid->MasterTable->Pager = new GridPrevNextAndNumericPager();	

	$order_table = new GridTableView();
	$order_table->DataSource = $ds_order;
	$order_table->AutoGenerateColumns = true;
	$order_table->Width = "100%";
	$order_table->Pager = new GridPrevNextPager();
	$order_table->AddRelationField("customerNumber","customerNumber");
	
	$grid->MasterTable->AddDetailTable($order_table,"Details order of {customerName}:");

	//Register Client-side event handler
	$grid->ClientSettings->ClientEvents["OnRowMouseOver"] = "Handle_OnRowMouseOver";
	$grid->ClientSettings->ClientEvents["OnRowSelect"] = "Handle_OnRowSelect";
	$grid->ClientSettings->ClientEvents["OnBeforeDetailTablesExpand"] = "Handle_OnBeforeDetailTablesExpand";
	$grid->ClientSettings->ClientEvents["OnDetailTablesExpand"] = "Handle_OnDetailTablesExpand";

	$grid->Process();
?>

<form id="form1" method="post">
	<?php echo $koolajax->Render();?>

	<div id="res" style="padding-top:10px;padding-bottom:10px;">
		Latest event:
	</div>
	
	<script type="text/javascript">
		//These event handles function must be put before $grid->Render() function
		function Handle_OnRowMouseOver(sender,args)
		{
			var _row = args["Row"];
			var _res =document.getElementById("res");
			_res.innerHTML = "Latest event: Mouse is over row with [customerNumber = "+ _row.getDataItem()["customerNumber"]+"]";
		}
		function Handle_OnRowSelect(sender,args)
		{
			var _row = args["Row"];
			var _res =document.getElementById("res");
			_res.innerHTML = "Latest event: Row with [customerNumber = "+ _row.getDataItem()["customerNumber"]+"] was selected";			
		}
		function Handle_OnBeforeDetailTablesExpand(sender,args)
		{
			var _row = args["Row"];
			if(confirm("Show order details of "+_row.getDataItem()["customerName"]+"?"))
			{
				return true;	
			}
			else
			{
				return false;
			}
		}
		function Handle_OnDetailTablesExpand(sender,args)
		{
			var _row = args["Row"];
			alert("Table of order details of "+_row.getDataItem()["customerName"]+" has been opened.");
		}
	</script>
	
	<?php echo $grid->Render();?>
</form>
			]]>			
		</code>			
	</samplecodes>
	<docs>
		<doc link="http://doc.koolphp.net/Controls/KoolGrid/PHP/KoolGrid/index.php#ClientSettings">ClientSettings</doc>
		<doc link="http://doc.koolphp.net/Controls/KoolGrid/Javascript/ClientSide_Events/index.php">Client-Side Events</doc>
	</docs>
</example>
