<?xml version="1.0" encoding="utf-8"?>
<example id="Column_Chart" usedb="false">
	<title>PHP Column Chart</title>
	<metakeywords>php charting, php chart, column chart, area chart, bar chart, line chart, scatter chart, scatter line chart</metakeywords>	 
	<metadescription>KoolChart is excellent chart for PHP.</metadescription>
	<description>
		<![CDATA[ 

<pre>
<b>To add a column series to the chart, you do:</b>

    $series = new ColumnSeries();
    $series->Name = "Computers";
    $series->TooltipsAppearance->DataFormatString = "$ {0} millions";
    $series->ArrayData(array(34,55,10,40));
    $chart->PlotArea->AddSeries($series);
</pre>

		]]>		
	</description>
	
	<samplecodes>
		<code header="Example.php">
			<![CDATA[
<?php
	/*
	 * This file is ready to run as standalone example. However, please do:
	 * 1. Add tags <html><head><body> to make a complete page
	 * 2. Change relative path in $KoolControlFolder variable to correctly point to KoolControls folder 
	 */

	$KoolControlsFolder = "../../../../KoolControls";//Relative path to "KoolPHPSuite/KoolControls" folder
	
	require $KoolControlsFolder."/KoolChart/koolchart.php";

	$chart = new KoolChart("chart");
	$chart->scriptFolder=$KoolControlsFolder."/KoolChart";	
	$chart->Title->Text = "Sales report for 2012";
	$chart->Width = 820;
	$chart->Height = 500;
	//$chart->BackgroundColor = "#ffffee";
	$chart->PlotArea->XAxis->Title = "Quarters";
	$chart->PlotArea->XAxis->Set(array("Q1","Q2","Q3","Q4"));
	$chart->PlotArea->YAxis->Title = "Sales ( .millions)";
	$chart->PlotArea->YAxis->LabelsAppearance->DataFormatString = "$ {0}";
   
	$series = new ColumnSeries();
	$series->Name = "TVs";
	$series->TooltipsAppearance->DataFormatString = "$ {0} millions";
	$series->ArrayData(array(20,30,40,70));
	$chart->PlotArea->AddSeries($series);
    
	$series = new ColumnSeries();
	$series->Name = "Computers";
	$series->TooltipsAppearance->DataFormatString = "$ {0} millions";
	$series->ArrayData(array(34,55,10,40));
	$chart->PlotArea->AddSeries($series);
    
	$series = new ColumnSeries();
	$series->Name = "Tablets & e-readers";
	$series->TooltipsAppearance->DataFormatString = "$ {0} millions";
	$series->ArrayData(array(56,23,56,80));
	$chart->PlotArea->AddSeries($series);

    $chart->PlotArea->SeriesOrder = array(2, 3, 1);
    $chart->Legend->SeriesOrder = array(3, 1, 2);	
?>

<form id="form1" method="post">

	<?php echo $chart->Render();?>					
	<div><i>* <u>Note</u>:</i>Generate your own chart with <a style="color:#B8305E;" target="_blank" href="http://codegen.koolphp.net/generate_koolchart.php">Code Generator</a></div>
</form>

			]]>			
		</code>			
	</samplecodes>
	<docs>
		<doc link="http://codegen.koolphp.net/generate_koolchart.php">Code Generator</doc>
	</docs>
</example>
