<?xml version="1.0" encoding="utf-8"?>
<example id="With_Database" usedb="true">
	<title>With Database</title>
	<metakeywords>php image view, php image zoom, zoom image script</metakeywords>	 
	<metadescription>KoolImageView provides perfect solution for image detail view in your online store or images collection. KoolImageView is equipped with many nice templates and effects. And it is Totally FREE!</metadescription>
	<description>
		<![CDATA[ 
The example shows how to use KoolImageView with database.
		]]>		
	</description>
	
	<samplecodes>
		<code header="Example.php">
			<![CDATA[
<?php
	require $KoolControlsFolder."/KoolImageView/koolimageview.php";


	$arr_kiv = array();
	$result = mysqli_query($db_con, "select ID,Small_Image,Big_Image,Description from tb_imageview");
	while($row=mysqli_fetch_assoc($result))
	{
		$kiv = new KoolImageView("kiv".$row["ID"]);
		$kiv->scriptFolder =  $KoolControlsFolder."/KoolImageView";
		$kiv->styleFolder =  $KoolControlsFolder."/KoolImageView/styles/inox";
		$kiv->imageUrl = "Images/".$row["Small_Image"];
		$kiv->bigImageUrl = "Images/".$row["Big_Image"];
		$kiv->description = $row["Description"];
		array_push($arr_kiv,$kiv);
	}
	
?>
<form id="form1" method="post">
	<div style="width:400px;">
		<style type="text/css">
			.box
			{
				float:left;
				padding:5px;
				background:#DFF3FF;
				border:solid 1px #C6E1F2;
				min-height:80px;
				margin:5px;
			}
			.clear
			{
				clear:both;
			}			
		</style>
		<?php
			for($i=0;$i<sizeof($arr_kiv);$i++)
			{
				echo "<div class='box' title='".$arr_kiv[$i]->description."'>".$arr_kiv[$i]->Render()."</div>";
			}
		?>
		<div class="clear"></div>
	</div>
</form>

			]]>			
		</code>			
	</samplecodes>
	<docs>
		<doc link="http://doc.koolphp.net/Controls/KoolImageView/PHP/KoolImageView_Class/index.php#imageUrl">PHP :: KoolImageView :: imageUrl</doc>
		<doc link="http://doc.koolphp.net/Controls/KoolImageView/PHP/KoolImageView_Class/index.php#bigImageUrl">PHP :: KoolImageView :: bigImageUrl</doc>
		<doc link="http://doc.koolphp.net/Controls/KoolImageView/PHP/KoolImageView_Class/index.php#description">PHP :: KoolImageView :: description</doc>
		<doc link="http://doc.koolphp.net/Controls/KoolImageView/PHP/KoolImageView_Class/index.php#styleFolder">PHP :: KoolImageView :: styleFolder</doc>		
	</docs>
</example>
